fold,acc,precision,recall,f1,roc_auc
0,0.8097826086956522,0.8315789473684211,0.8061224489795918,0.8186528497409327,0.877313716184148
1,0.8097826086956522,0.8181818181818182,0.826530612244898,0.8223350253807107,0.8838395823445657
2,0.8260869565217391,0.8367346938775511,0.8367346938775511,0.8367346938775511,0.8896535358329379
3,0.7608695652173914,0.7045454545454546,0.9489795918367347,0.808695652173913,0.8378025628856194
4,0.6956521739130435,0.6458333333333334,0.9489795918367347,0.768595041322314,0.8111058376839106
mean,0.7804347826086956,0.7673748494613157,0.8734693877551021,0.8110026524990843,0.8599430469862362
