fold,acc,precision,recall,f1,roc_auc
0,0.6470588235294118,0.625,0.625,0.625,0.7222222222222222
1,0.8125,0.8571428571428571,0.75,0.8,0.84375
2,0.75,0.75,0.75,0.75,0.796875
3,0.4375,0.4666666666666667,0.875,0.6086956521739131,0.578125
4,0.5,0.5,0.875,0.6363636363636364,0.640625
mean,0.6294117647058823,0.6397619047619048,0.775,0.6840118577075098,0.7163194444444445
