fold,acc,precision,recall,f1,roc_auc
0,0.8392857142857143,0.88,0.7857142857142857,0.8301886792452831,0.8622448979591837
1,0.8214285714285714,0.95,0.6785714285714286,0.7916666666666666,0.8992346938775511
2,0.75,0.7058823529411765,0.8571428571428571,0.7741935483870968,0.8443877551020408
3,0.8035714285714286,0.8695652173913043,0.7142857142857143,0.7843137254901961,0.8431122448979591
4,0.8571428571428571,0.8125,0.9285714285714286,0.8666666666666667,0.8915816326530612
mean,0.8142857142857143,0.8435895140664961,0.7928571428571429,0.809405857291182,0.8681122448979591
