acc,precision,recall,f1,roc_auc
0.7843137254901961,0.7162162162162162,0.9814814814814815,0.828125,0.8584104938271605
